recorded_time,temperature,sensor_type
2022-03-31T00:00,-0.4195573243960311,UNKNOWN
2022-03-31T00:01,-0.21955732439602826,UNKNOWN
2022-03-31T00:02,-0.11955732439602684,UNKNOWN
2022-03-31T00:03,0.0804426756039689,UNKNOWN
2022-03-31T00:04,0.18044267560397032,UNKNOWN
2022-03-31T00:05,0.28044267560397174,UNKNOWN
2022-03-31T00:06,0.38044267560397316,UNKNOWN
2022-03-31T00:07,0.4804426756039675,UNKNOWN
2022-03-31T00:08,0.4804426756039675,UNKNOWN
2022-03-31T00:09,0.6804426756039703,UNKNOWN
2022-03-31T00:10,0.6804426756039703,UNKNOWN
2022-03-31T00:11,0.7804426756039717,UNKNOWN
2022-03-31T00:12,0.7804426756039717,UNKNOWN
2022-03-31T00:13,0.8804426756039732,UNKNOWN
2022-03-31T00:14,0.8804426756039732,UNKNOWN
2022-03-31T00:15,0.9804426756039675,UNKNOWN
2022-03-31T00:16,0.9804426756039675,UNKNOWN
2022-03-31T00:17,0.9804426756039675,UNKNOWN
2022-03-31T00:18,1.080442675603969,UNKNOWN
2022-03-31T00:19,1.080442675603969,UNKNOWN
2022-03-31T00:20,1.080442675603969,UNKNOWN
2022-03-31T00:21,1.1804426756039703,UNKNOWN
2022-03-31T00:22,1.1804426756039703,UNKNOWN
2022-03-31T00:23,1.2804426756039717,UNKNOWN
2022-03-31T00:24,1.2804426756039717,UNKNOWN
2022-03-31T00:25,1.1804426756039703,UNKNOWN
2022-03-31T00:26,0.7804426756039717,UNKNOWN
2022-03-31T00:27,0.38044267560397316,UNKNOWN
2022-03-31T00:28,0.0804426756039689,UNKNOWN
2022-03-31T00:29,-0.21955732439602826,UNKNOWN
2022-03-31T00:30,-0.4195573243960311,UNKNOWN
2022-03-31T00:31,-0.6195573243960268,UNKNOWN
2022-03-31T00:32,-0.8195573243960297,UNKNOWN
2022-03-31T00:33,-1.0195573243960325,UNKNOWN
2022-03-31T00:34,-1.1195573243960268,UNKNOWN
2022-03-31T00:35,-1.2195573243960283,UNKNOWN
2022-03-31T00:36,-1.3195573243960297,UNKNOWN
2022-03-31T00:37,-1.419557324396031,UNKNOWN
2022-03-31T00:38,-1.8195573243960297,UNKNOWN
2022-03-31T00:39,-2.019557324396029,UNKNOWN
2022-03-31T00:40,-2.2195573243960283,UNKNOWN
2022-03-31T00:41,-2.3195573243960297,UNKNOWN
2022-03-31T00:42,-2.519557324396029,UNKNOWN
2022-03-31T00:43,-2.6195573243960304,UNKNOWN
2022-03-31T00:44,-2.7195573243960283,UNKNOWN
2022-03-31T00:45,-2.8195573243960297,UNKNOWN
2022-03-31T00:46,-2.8195573243960297,UNKNOWN
2022-03-31T00:47,-3.019557324396029,UNKNOWN
2022-03-31T00:48,-2.8195573243960297,UNKNOWN
2022-03-31T00:49,-2.419557324396031,UNKNOWN
2022-03-31T00:50,-2.019557324396029,UNKNOWN
2022-03-31T00:51,-1.7195573243960283,UNKNOWN
2022-03-31T00:52,-1.419557324396031,UNKNOWN
2022-03-31T00:53,-1.1195573243960268,UNKNOWN
2022-03-31T00:54,-0.8195573243960297,UNKNOWN
2022-03-31T00:55,-0.6195573243960268,UNKNOWN
2022-03-31T00:56,-0.5195573243960325,UNKNOWN
2022-03-31T00:57,-0.3195573243960297,UNKNOWN
2022-03-31T00:58,-0.21955732439602826,UNKNOWN
2022-03-31T00:59,-0.019557324396032527,UNKNOWN
2022-03-31T01:00,0.0804426756039689,UNKNOWN
2022-03-31T01:01,0.18044267560397032,UNKNOWN
2022-03-31T01:02,0.28044267560397174,UNKNOWN
2022-03-31T01:03,0.28044267560397174,UNKNOWN
2022-03-31T01:04,0.38044267560397316,UNKNOWN
2022-03-31T01:05,0.4804426756039675,UNKNOWN
2022-03-31T01:06,0.4804426756039675,UNKNOWN
2022-03-31T01:07,0.4804426756039675,UNKNOWN
2022-03-31T01:08,0.4804426756039675,UNKNOWN
2022-03-31T01:09,0.18044267560397032,UNKNOWN
2022-03-31T01:10,-0.11955732439602684,UNKNOWN
2022-03-31T01:11,-0.7195573243960283,UNKNOWN
2022-03-31T01:12,-1.0195573243960325,UNKNOWN
2022-03-31T01:13,-1.1195573243960268,UNKNOWN
2022-03-31T01:14,-1.2195573243960283,UNKNOWN
2022-03-31T01:15,-1.2195573243960283,UNKNOWN
2022-03-31T01:16,-1.2195573243960283,UNKNOWN
2022-03-31T01:17,-1.2195573243960283,UNKNOWN
2022-03-31T01:18,-1.2195573243960283,UNKNOWN
2022-03-31T01:19,-1.1195573243960268,UNKNOWN
2022-03-31T01:20,-1.1195573243960268,UNKNOWN
2022-03-31T01:21,-1.1195573243960268,UNKNOWN
2022-03-31T01:22,-1.1195573243960268,UNKNOWN
2022-03-31T01:23,-1.0195573243960325,UNKNOWN
2022-03-31T01:24,-1.0195573243960325,UNKNOWN
2022-03-31T01:25,-1.0195573243960325,UNKNOWN
2022-03-31T01:26,-1.0195573243960325,UNKNOWN
2022-03-31T01:27,-1.0195573243960325,UNKNOWN
2022-03-31T01:28,-1.0195573243960325,UNKNOWN
2022-03-31T01:29,-1.0195573243960325,UNKNOWN
2022-03-31T01:30,-0.9195573243960311,UNKNOWN
2022-03-31T01:31,-0.9195573243960311,UNKNOWN
2022-03-31T01:32,-0.9195573243960311,UNKNOWN
2022-03-31T01:33,-0.9195573243960311,UNKNOWN
2022-03-31T01:34,-0.9195573243960311,UNKNOWN
2022-03-31T01:35,-1.2195573243960283,UNKNOWN
2022-03-31T01:36,-1.3195573243960297,UNKNOWN
2022-03-31T01:37,-1.5195573243960325,UNKNOWN
2022-03-31T01:38,-1.7195573243960283,UNKNOWN
2022-03-31T01:39,-1.8195573243960297,UNKNOWN
2022-03-31T01:40,-1.919557324396031,UNKNOWN
2022-03-31T01:41,-2.019557324396029,UNKNOWN
2022-03-31T01:42,-2.019557324396029,UNKNOWN
2022-03-31T01:43,-2.1195573243960304,UNKNOWN
2022-03-31T01:44,-2.2195573243960283,UNKNOWN
2022-03-31T01:45,-2.1195573243960304,UNKNOWN
2022-03-31T01:46,-1.919557324396031,UNKNOWN
2022-03-31T01:47,-1.7195573243960283,UNKNOWN
2022-03-31T01:48,-1.5195573243960325,UNKNOWN
2022-03-31T01:49,-1.3195573243960297,UNKNOWN
2022-03-31T01:50,-1.0195573243960325,UNKNOWN
2022-03-31T01:51,-0.8195573243960297,UNKNOWN
2022-03-31T01:52,-0.7195573243960283,UNKNOWN
2022-03-31T01:53,-0.5195573243960325,UNKNOWN
2022-03-31T01:54,-0.4195573243960311,UNKNOWN
2022-03-31T01:55,-0.3195573243960297,UNKNOWN
2022-03-31T01:56,-0.21955732439602826,UNKNOWN
2022-03-31T01:57,-0.11955732439602684,UNKNOWN
2022-03-31T01:58,-0.019557324396032527,UNKNOWN
2022-03-31T01:59,-0.019557324396032527,UNKNOWN
2022-03-31T02:00,0.0804426756039689,UNKNOWN
2022-03-31T02:01,0.18044267560397032,UNKNOWN
2022-03-31T02:02,0.18044267560397032,UNKNOWN
2022-03-31T02:03,0.28044267560397174,UNKNOWN
2022-03-31T02:04,0.28044267560397174,UNKNOWN
2022-03-31T02:05,0.28044267560397174,UNKNOWN
2022-03-31T02:06,0.38044267560397316,UNKNOWN
2022-03-31T02:07,0.38044267560397316,UNKNOWN
2022-03-31T02:08,0.4804426756039675,UNKNOWN
2022-03-31T02:09,0.4804426756039675,UNKNOWN
2022-03-31T02:10,0.4804426756039675,UNKNOWN
2022-03-31T02:11,0.4804426756039675,UNKNOWN
2022-03-31T02:12,0.4804426756039675,UNKNOWN
2022-03-31T02:13,0.5804426756039689,UNKNOWN
2022-03-31T02:14,0.5804426756039689,UNKNOWN
2022-03-31T02:15,0.5804426756039689,UNKNOWN
2022-03-31T02:16,0.6804426756039703,UNKNOWN
2022-03-31T02:17,0.6804426756039703,UNKNOWN
2022-03-31T02:18,0.6804426756039703,UNKNOWN
2022-03-31T02:19,0.7804426756039717,UNKNOWN
2022-03-31T02:20,0.7804426756039717,UNKNOWN
2022-03-31T02:21,0.7804426756039717,UNKNOWN
2022-03-31T02:22,0.7804426756039717,UNKNOWN
2022-03-31T02:23,0.8804426756039732,UNKNOWN
2022-03-31T02:24,0.8804426756039732,UNKNOWN
2022-03-31T02:25,0.8804426756039732,UNKNOWN
2022-03-31T02:26,0.5804426756039689,UNKNOWN
2022-03-31T02:27,0.18044267560397032,UNKNOWN
2022-03-31T02:28,-0.21955732439602826,UNKNOWN
2022-03-31T02:29,-0.5195573243960325,UNKNOWN
2022-03-31T02:30,-0.8195573243960297,UNKNOWN
2022-03-31T02:31,-1.0195573243960325,UNKNOWN
2022-03-31T02:32,-1.1195573243960268,UNKNOWN
2022-03-31T02:33,-1.2195573243960283,UNKNOWN
2022-03-31T02:34,-1.3195573243960297,UNKNOWN
2022-03-31T02:35,-1.419557324396031,UNKNOWN
2022-03-31T02:36,-1.419557324396031,UNKNOWN
2022-03-31T02:37,-1.5195573243960325,UNKNOWN
2022-03-31T02:38,-1.5195573243960325,UNKNOWN
2022-03-31T02:39,-1.919557324396031,UNKNOWN
2022-03-31T02:40,-2.2195573243960283,UNKNOWN
2022-03-31T02:41,-2.519557324396029,UNKNOWN
2022-03-31T02:42,-2.7195573243960283,UNKNOWN
2022-03-31T02:43,-2.8195573243960297,UNKNOWN
2022-03-31T02:44,-3.019557324396029,UNKNOWN
2022-03-31T02:45,-2.919557324396031,UNKNOWN
2022-03-31T02:46,-2.6195573243960304,UNKNOWN
2022-03-31T02:47,-2.3195573243960297,UNKNOWN
2022-03-31T02:48,-2.1195573243960304,UNKNOWN
2022-03-31T02:49,-1.919557324396031,UNKNOWN
2022-03-31T02:50,-1.6195573243960268,UNKNOWN
2022-03-31T02:51,-1.419557324396031,UNKNOWN
2022-03-31T02:52,-1.2195573243960283,UNKNOWN
2022-03-31T02:53,-1.0195573243960325,UNKNOWN
2022-03-31T02:54,-0.8195573243960297,UNKNOWN
2022-03-31T02:55,-0.7195573243960283,UNKNOWN
2022-03-31T02:56,-0.5195573243960325,UNKNOWN
2022-03-31T02:57,-0.4195573243960311,UNKNOWN
2022-03-31T02:58,-0.3195573243960297,UNKNOWN
2022-03-31T02:59,-0.21955732439602826,UNKNOWN
2022-03-31T03:00,-0.11955732439602684,UNKNOWN
2022-03-31T03:01,-0.019557324396032527,UNKNOWN
2022-03-31T03:02,-0.019557324396032527,UNKNOWN
2022-03-31T03:03,0.0804426756039689,UNKNOWN
2022-03-31T03:04,0.18044267560397032,UNKNOWN
2022-03-31T03:05,0.28044267560397174,UNKNOWN
2022-03-31T03:06,0.28044267560397174,UNKNOWN
2022-03-31T03:07,0.28044267560397174,UNKNOWN
2022-03-31T03:08,-0.11955732439602684,UNKNOWN
2022-03-31T03:09,-0.3195573243960297,UNKNOWN
2022-03-31T03:10,-0.4195573243960311,UNKNOWN
2022-03-31T03:11,-0.5195573243960325,UNKNOWN
2022-03-31T03:12,-0.5195573243960325,UNKNOWN
2022-03-31T03:13,-0.5195573243960325,UNKNOWN
2022-03-31T03:14,-0.4195573243960311,UNKNOWN
2022-03-31T03:15,-0.3195573243960297,UNKNOWN
2022-03-31T03:16,-0.21955732439602826,UNKNOWN
2022-03-31T03:17,-0.21955732439602826,UNKNOWN
2022-03-31T03:18,-0.11955732439602684,UNKNOWN
2022-03-31T03:19,-0.019557324396032527,UNKNOWN
2022-03-31T03:20,-0.019557324396032527,UNKNOWN
2022-03-31T03:21,0.0804426756039689,UNKNOWN
2022-03-31T03:22,0.18044267560397032,UNKNOWN
2022-03-31T03:24,0.28044267560397174,UNKNOWN
2022-03-31T03:25,0.28044267560397174,UNKNOWN
2022-03-31T03:26,0.38044267560397316,UNKNOWN
2022-03-31T03:27,0.38044267560397316,UNKNOWN
2022-03-31T03:28,0.18044267560397032,UNKNOWN
2022-03-31T03:29,0.0804426756039689,UNKNOWN
2022-03-31T03:30,-0.019557324396032527,UNKNOWN
2022-03-31T03:31,-0.019557324396032527,UNKNOWN
2022-03-31T03:32,-0.019557324396032527,UNKNOWN
2022-03-31T03:33,0.0804426756039689,UNKNOWN
2022-03-31T03:34,0.0804426756039689,UNKNOWN
2022-03-31T03:35,0.0804426756039689,UNKNOWN
2022-03-31T03:36,0.0804426756039689,UNKNOWN
2022-03-31T03:37,0.0804426756039689,UNKNOWN
2022-03-31T03:38,0.0804426756039689,UNKNOWN
2022-03-31T03:39,0.18044267560397032,UNKNOWN
2022-03-31T03:40,0.18044267560397032,UNKNOWN
2022-03-31T03:41,0.0804426756039689,UNKNOWN
2022-03-31T03:42,0.0804426756039689,UNKNOWN
2022-03-31T03:43,0.18044267560397032,UNKNOWN
2022-03-31T03:44,0.18044267560397032,UNKNOWN
2022-03-31T03:45,0.18044267560397032,UNKNOWN
2022-03-31T03:46,0.18044267560397032,UNKNOWN
2022-03-31T03:47,0.0804426756039689,UNKNOWN
2022-03-31T03:48,0.0804426756039689,UNKNOWN
2022-03-31T03:49,0.18044267560397032,UNKNOWN
2022-03-31T03:50,0.18044267560397032,UNKNOWN
2022-03-31T03:51,0.18044267560397032,UNKNOWN
2022-03-31T03:52,0.28044267560397174,UNKNOWN
2022-03-31T03:53,0.28044267560397174,UNKNOWN
2022-03-31T03:54,0.28044267560397174,UNKNOWN
2022-03-31T03:55,0.38044267560397316,UNKNOWN
2022-03-31T03:56,0.38044267560397316,UNKNOWN
2022-03-31T03:57,0.4804426756039675,UNKNOWN
2022-03-31T03:58,0.4804426756039675,UNKNOWN
2022-03-31T03:59,0.4804426756039675,UNKNOWN
2022-03-31T04:00,0.5804426756039689,UNKNOWN
2022-03-31T04:01,0.6804426756039703,UNKNOWN
2022-03-31T04:02,0.6804426756039703,UNKNOWN
2022-03-31T04:03,0.7804426756039717,UNKNOWN
2022-03-31T04:04,0.7804426756039717,UNKNOWN
2022-03-31T04:05,0.7804426756039717,UNKNOWN
2022-03-31T04:06,0.7804426756039717,UNKNOWN
2022-03-31T04:07,0.8804426756039732,UNKNOWN
2022-03-31T04:08,0.8804426756039732,UNKNOWN
2022-03-31T04:09,0.8804426756039732,UNKNOWN
2022-03-31T04:10,0.9804426756039675,UNKNOWN
2022-03-31T04:11,0.9804426756039675,UNKNOWN
2022-03-31T04:12,0.9804426756039675,UNKNOWN
2022-03-31T04:13,1.080442675603969,UNKNOWN
2022-03-31T04:14,1.080442675603969,UNKNOWN
2022-03-31T04:15,1.080442675603969,UNKNOWN
2022-03-31T04:16,1.1804426756039703,UNKNOWN
2022-03-31T04:17,1.1804426756039703,UNKNOWN
2022-03-31T04:18,1.1804426756039703,UNKNOWN
2022-03-31T04:19,1.2804426756039717,UNKNOWN
2022-03-31T04:20,1.2804426756039717,UNKNOWN
2022-03-31T04:21,1.2804426756039717,UNKNOWN
2022-03-31T04:22,1.2804426756039717,UNKNOWN
2022-03-31T04:23,1.3804426756039732,UNKNOWN
2022-03-31T04:24,1.3804426756039732,UNKNOWN
2022-03-31T04:25,1.1804426756039703,UNKNOWN
2022-03-31T04:26,1.080442675603969,UNKNOWN
2022-03-31T04:27,0.9804426756039675,UNKNOWN
2022-03-31T04:28,0.9804426756039675,UNKNOWN
2022-03-31T04:29,0.9804426756039675,UNKNOWN
2022-03-31T04:30,0.9804426756039675,UNKNOWN
2022-03-31T04:31,0.9804426756039675,UNKNOWN
2022-03-31T04:32,0.9804426756039675,UNKNOWN
2022-03-31T04:33,0.9804426756039675,UNKNOWN
2022-03-31T04:34,0.9804426756039675,UNKNOWN
2022-03-31T04:35,0.9804426756039675,UNKNOWN
2022-03-31T04:36,0.8804426756039732,UNKNOWN
2022-03-31T04:37,0.4804426756039675,UNKNOWN
2022-03-31T04:38,0.28044267560397174,UNKNOWN
2022-03-31T04:39,0.18044267560397032,UNKNOWN
2022-03-31T04:40,0.0804426756039689,UNKNOWN
2022-03-31T04:41,0.0804426756039689,UNKNOWN
2022-03-31T04:42,0.18044267560397032,UNKNOWN
2022-03-31T04:43,0.18044267560397032,UNKNOWN
2022-03-31T04:44,0.28044267560397174,UNKNOWN
2022-03-31T04:45,0.28044267560397174,UNKNOWN
2022-03-31T04:46,0.28044267560397174,UNKNOWN
2022-03-31T04:47,0.38044267560397316,UNKNOWN
2022-03-31T04:48,0.38044267560397316,UNKNOWN
2022-03-31T04:49,0.38044267560397316,UNKNOWN
2022-03-31T04:50,0.4804426756039675,UNKNOWN
2022-03-31T04:51,0.4804426756039675,UNKNOWN
2022-03-31T04:52,0.4804426756039675,UNKNOWN
2022-03-31T04:53,0.5804426756039689,UNKNOWN
2022-03-31T04:54,0.5804426756039689,UNKNOWN
2022-03-31T04:55,0.4804426756039675,UNKNOWN
2022-03-31T04:56,0.28044267560397174,UNKNOWN
2022-03-31T04:57,0.0804426756039689,UNKNOWN
2022-03-31T04:58,-0.019557324396032527,UNKNOWN
2022-03-31T04:59,0.0804426756039689,UNKNOWN
2022-03-31T05:00,0.0804426756039689,UNKNOWN
2022-03-31T05:01,0.0804426756039689,UNKNOWN
2022-03-31T05:02,0.0804426756039689,UNKNOWN
2022-03-31T05:03,0.0804426756039689,UNKNOWN
2022-03-31T05:04,0.0804426756039689,UNKNOWN
2022-03-31T05:05,0.0804426756039689,UNKNOWN
2022-03-31T05:06,0.0804426756039689,UNKNOWN
2022-03-31T05:07,0.0804426756039689,UNKNOWN
2022-03-31T05:08,0.0804426756039689,UNKNOWN
2022-03-31T05:09,0.0804426756039689,UNKNOWN
2022-03-31T05:10,0.0804426756039689,UNKNOWN
2022-03-31T05:11,0.18044267560397032,UNKNOWN
2022-03-31T05:12,0.18044267560397032,UNKNOWN
2022-03-31T05:13,0.28044267560397174,UNKNOWN
2022-03-31T05:14,0.0804426756039689,UNKNOWN
2022-03-31T05:15,-0.21955732439602826,UNKNOWN
2022-03-31T05:16,-0.21955732439602826,UNKNOWN
2022-03-31T05:17,-0.11955732439602684,UNKNOWN
2022-03-31T05:18,-0.019557324396032527,UNKNOWN
2022-03-31T05:19,0.0804426756039689,UNKNOWN
2022-03-31T05:20,0.18044267560397032,UNKNOWN
2022-03-31T05:21,0.28044267560397174,UNKNOWN
2022-03-31T05:22,0.28044267560397174,UNKNOWN
2022-03-31T05:23,0.28044267560397174,UNKNOWN
2022-03-31T05:24,0.18044267560397032,UNKNOWN
2022-03-31T05:25,0.18044267560397032,UNKNOWN
2022-03-31T05:26,0.18044267560397032,UNKNOWN
2022-03-31T05:27,-0.019557324396032527,UNKNOWN
2022-03-31T05:28,-0.21955732439602826,UNKNOWN
2022-03-31T05:29,-0.21955732439602826,UNKNOWN
2022-03-31T05:30,-0.21955732439602826,UNKNOWN
2022-03-31T05:31,-0.21955732439602826,UNKNOWN
2022-03-31T05:32,-0.21955732439602826,UNKNOWN
2022-03-31T05:33,-0.21955732439602826,UNKNOWN
2022-03-31T05:34,-0.11955732439602684,UNKNOWN
2022-03-31T05:35,-0.11955732439602684,UNKNOWN
2022-03-31T05:36,-0.019557324396032527,UNKNOWN
2022-03-31T05:37,-0.019557324396032527,UNKNOWN
2022-03-31T05:38,-0.019557324396032527,UNKNOWN
2022-03-31T05:39,-0.019557324396032527,UNKNOWN
2022-03-31T05:40,0.0804426756039689,UNKNOWN
2022-03-31T05:41,0.18044267560397032,UNKNOWN
2022-03-31T05:42,0.28044267560397174,UNKNOWN
2022-03-31T05:43,0.38044267560397316,UNKNOWN
2022-03-31T05:44,0.4804426756039675,UNKNOWN
2022-03-31T05:45,0.5804426756039689,UNKNOWN
2022-03-31T05:46,0.6804426756039703,UNKNOWN
2022-03-31T05:47,0.7804426756039717,UNKNOWN
2022-03-31T05:48,0.7804426756039717,UNKNOWN
2022-03-31T05:49,0.6804426756039703,UNKNOWN
2022-03-31T05:50,0.6804426756039703,UNKNOWN
2022-03-31T05:51,0.6804426756039703,UNKNOWN
2022-03-31T05:52,0.6804426756039703,UNKNOWN
2022-03-31T05:53,0.6804426756039703,UNKNOWN
2022-03-31T05:54,0.6804426756039703,UNKNOWN
2022-03-31T05:55,0.6804426756039703,UNKNOWN
2022-03-31T05:56,0.6804426756039703,UNKNOWN
2022-03-31T05:57,0.6804426756039703,UNKNOWN
2022-03-31T05:58,0.5804426756039689,UNKNOWN
2022-03-31T05:59,0.4804426756039675,UNKNOWN
2022-03-31T06:00,0.5804426756039689,UNKNOWN
2022-03-31T06:01,0.5804426756039689,UNKNOWN
2022-03-31T06:02,0.5804426756039689,UNKNOWN
2022-03-31T06:03,0.5804426756039689,UNKNOWN
2022-03-31T06:04,0.5804426756039689,UNKNOWN
2022-03-31T06:05,0.5804426756039689,UNKNOWN
2022-03-31T06:06,0.6804426756039703,UNKNOWN
2022-03-31T06:07,0.6804426756039703,UNKNOWN
2022-03-31T06:08,0.6804426756039703,UNKNOWN
2022-03-31T06:09,-0.11955732439602684,UNKNOWN
2022-03-31T06:10,-0.5195573243960325,UNKNOWN
2022-03-31T06:11,-0.6195573243960268,UNKNOWN
2022-03-31T06:12,-0.6195573243960268,UNKNOWN
2022-03-31T06:13,-0.5195573243960325,UNKNOWN
2022-03-31T06:14,-0.5195573243960325,UNKNOWN
2022-03-31T06:15,-0.4195573243960311,UNKNOWN
2022-03-31T06:16,-0.3195573243960297,UNKNOWN
2022-03-31T06:17,-0.21955732439602826,UNKNOWN
2022-03-31T06:18,-0.21955732439602826,UNKNOWN
2022-03-31T06:19,-0.11955732439602684,UNKNOWN
2022-03-31T06:20,-0.11955732439602684,UNKNOWN
2022-03-31T06:21,-0.019557324396032527,UNKNOWN
2022-03-31T06:22,-0.019557324396032527,UNKNOWN
2022-03-31T06:23,0.0804426756039689,UNKNOWN
2022-03-31T06:24,0.0804426756039689,UNKNOWN
2022-03-31T06:25,0.18044267560397032,UNKNOWN
2022-03-31T06:26,0.18044267560397032,UNKNOWN
2022-03-31T06:27,0.28044267560397174,UNKNOWN
2022-03-31T06:28,0.28044267560397174,UNKNOWN
2022-03-31T06:29,0.28044267560397174,UNKNOWN
2022-03-31T06:30,0.28044267560397174,UNKNOWN
2022-03-31T06:31,0.38044267560397316,UNKNOWN
2022-03-31T06:32,0.4804426756039675,UNKNOWN
2022-03-31T06:33,0.5804426756039689,UNKNOWN
2022-03-31T06:34,0.6804426756039703,UNKNOWN
2022-03-31T06:35,0.5804426756039689,UNKNOWN
2022-03-31T06:36,0.4804426756039675,UNKNOWN
2022-03-31T06:37,0.4804426756039675,UNKNOWN
2022-03-31T06:38,0.38044267560397316,UNKNOWN
2022-03-31T06:39,0.28044267560397174,UNKNOWN
2022-03-31T06:40,0.28044267560397174,UNKNOWN
2022-03-31T06:41,0.28044267560397174,UNKNOWN
2022-03-31T06:42,0.28044267560397174,UNKNOWN
2022-03-31T06:43,0.28044267560397174,UNKNOWN
2022-03-31T06:44,0.28044267560397174,UNKNOWN
2022-03-31T06:45,0.38044267560397316,UNKNOWN
2022-03-31T06:46,0.38044267560397316,UNKNOWN
2022-03-31T06:47,0.38044267560397316,UNKNOWN
2022-03-31T06:48,0.38044267560397316,UNKNOWN
2022-03-31T06:49,0.38044267560397316,UNKNOWN
2022-03-31T06:50,0.4804426756039675,UNKNOWN
2022-03-31T06:51,0.4804426756039675,UNKNOWN
2022-03-31T06:52,0.4804426756039675,UNKNOWN
2022-03-31T06:53,0.4804426756039675,UNKNOWN
2022-03-31T06:54,0.4804426756039675,UNKNOWN
2022-03-31T06:55,0.4804426756039675,UNKNOWN
2022-03-31T06:56,0.4804426756039675,UNKNOWN
2022-03-31T06:57,0.5804426756039689,UNKNOWN
2022-03-31T06:58,0.5804426756039689,UNKNOWN
2022-03-31T06:59,0.5804426756039689,UNKNOWN
2022-03-31T07:00,0.5804426756039689,UNKNOWN
2022-03-31T07:01,0.5804426756039689,UNKNOWN
2022-03-31T07:02,0.6804426756039703,UNKNOWN
2022-03-31T07:03,0.5804426756039689,UNKNOWN
2022-03-31T07:04,0.4804426756039675,UNKNOWN
2022-03-31T07:05,0.38044267560397316,UNKNOWN
2022-03-31T07:06,0.28044267560397174,UNKNOWN
2022-03-31T07:07,0.28044267560397174,UNKNOWN
2022-03-31T07:08,0.28044267560397174,UNKNOWN
2022-03-31T07:09,0.28044267560397174,UNKNOWN
2022-03-31T07:10,0.28044267560397174,UNKNOWN
2022-03-31T07:11,0.38044267560397316,UNKNOWN
2022-03-31T07:12,0.18044267560397032,UNKNOWN
2022-03-31T07:13,-0.019557324396032527,UNKNOWN
2022-03-31T07:14,-0.21955732439602826,UNKNOWN
2022-03-31T07:15,-0.3195573243960297,UNKNOWN
2022-03-31T07:16,-0.4195573243960311,UNKNOWN
2022-03-31T07:17,-0.4195573243960311,UNKNOWN
2022-03-31T07:18,-0.5195573243960325,UNKNOWN
2022-03-31T07:19,-0.5195573243960325,UNKNOWN
2022-03-31T07:20,-0.5195573243960325,UNKNOWN
2022-03-31T07:21,-0.5195573243960325,UNKNOWN
2022-03-31T07:22,-0.5195573243960325,UNKNOWN
2022-03-31T07:23,-0.5195573243960325,UNKNOWN
2022-03-31T07:24,-0.5195573243960325,UNKNOWN
2022-03-31T07:25,-0.5195573243960325,UNKNOWN
2022-03-31T07:26,-0.6195573243960268,UNKNOWN
2022-03-31T07:27,-0.6195573243960268,UNKNOWN
2022-03-31T07:28,-0.6195573243960268,UNKNOWN
2022-03-31T07:29,-0.6195573243960268,UNKNOWN
2022-03-31T07:30,-0.5195573243960325,UNKNOWN
2022-03-31T07:31,-0.7195573243960283,UNKNOWN
2022-03-31T07:32,-0.9195573243960311,UNKNOWN
2022-03-31T07:33,-1.1195573243960268,UNKNOWN
2022-03-31T07:34,-1.3195573243960297,UNKNOWN
2022-03-31T07:35,-1.419557324396031,UNKNOWN
2022-03-31T07:36,-1.5195573243960325,UNKNOWN
2022-03-31T07:37,-1.5195573243960325,UNKNOWN
2022-03-31T07:38,-1.419557324396031,UNKNOWN
2022-03-31T07:39,-1.419557324396031,UNKNOWN
2022-03-31T07:40,-1.3195573243960297,UNKNOWN
2022-03-31T07:41,-1.419557324396031,UNKNOWN
2022-03-31T07:42,-1.6195573243960268,UNKNOWN
2022-03-31T07:43,-2.2195573243960283,UNKNOWN
2022-03-31T07:44,-2.919557324396031,UNKNOWN
2022-03-31T07:45,-3.3195573243960297,UNKNOWN
2022-03-31T07:46,-3.8195573243960297,UNKNOWN
2022-03-31T07:47,-3.8195573243960297,UNKNOWN
2022-03-31T07:48,-3.919557324396031,UNKNOWN
2022-03-31T07:49,-3.8195573243960297,UNKNOWN
2022-03-31T07:50,-3.8195573243960297,UNKNOWN
2022-03-31T07:51,-3.919557324396031,UNKNOWN
2022-03-31T07:52,-4.11955732439603,UNKNOWN
2022-03-31T07:53,-4.11955732439603,UNKNOWN
2022-03-31T07:54,-4.11955732439603,UNKNOWN
2022-03-31T07:55,-4.11955732439603,UNKNOWN
2022-03-31T07:56,-4.31955732439603,UNKNOWN
2022-03-31T07:57,-4.419557324396031,UNKNOWN
2022-03-31T07:58,-4.61955732439603,UNKNOWN
2022-03-31T07:59,-5.019557324396029,UNKNOWN
2022-03-31T08:00,-5.419557324396031,UNKNOWN
2022-03-31T08:01,-5.719557324396028,UNKNOWN
2022-03-31T08:02,-5.81955732439603,UNKNOWN
2022-03-31T08:03,-5.81955732439603,UNKNOWN
2022-03-31T08:04,-5.81955732439603,UNKNOWN
2022-03-31T08:05,-5.919557324396031,UNKNOWN
2022-03-31T08:06,-6.019557324396029,UNKNOWN
2022-03-31T08:07,-5.919557324396031,UNKNOWN
2022-03-31T08:08,-5.61955732439603,UNKNOWN
2022-03-31T08:09,-5.61955732439603,UNKNOWN
2022-03-31T08:10,-5.81955732439603,UNKNOWN
2022-03-31T08:11,-6.11955732439603,UNKNOWN
2022-03-31T08:12,-6.419557324396031,UNKNOWN
2022-03-31T08:13,-6.519557324396029,UNKNOWN
2022-03-31T08:14,-6.719557324396028,UNKNOWN
2022-03-31T08:15,-7.11955732439603,UNKNOWN
2022-03-31T08:16,-7.11955732439603,UNKNOWN
2022-03-31T08:17,-7.019557324396029,UNKNOWN
2022-03-31T08:18,-6.719557324396028,UNKNOWN
2022-03-31T08:19,-6.519557324396029,UNKNOWN
2022-03-31T08:20,-6.419557324396031,UNKNOWN
2022-03-31T08:21,-6.519557324396029,UNKNOWN
2022-03-31T08:22,-6.61955732439603,UNKNOWN
2022-03-31T08:23,-6.81955732439603,UNKNOWN
2022-03-31T08:24,-6.719557324396028,UNKNOWN
2022-03-31T08:25,-6.719557324396028,UNKNOWN
2022-03-31T08:26,-6.61955732439603,UNKNOWN
2022-03-31T08:27,-6.519557324396029,UNKNOWN
2022-03-31T08:28,-6.419557324396031,UNKNOWN
2022-03-31T08:29,-6.219557324396028,UNKNOWN
2022-03-31T08:30,-5.919557324396031,UNKNOWN
2022-03-31T08:31,-5.61955732439603,UNKNOWN
2022-03-31T08:32,-5.419557324396031,UNKNOWN
2022-03-31T08:33,-5.219557324396028,UNKNOWN
2022-03-31T08:34,-5.11955732439603,UNKNOWN
2022-03-31T08:35,-5.11955732439603,UNKNOWN
2022-03-31T08:36,-4.919557324396031,UNKNOWN
2022-03-31T08:37,-4.61955732439603,UNKNOWN
2022-03-31T08:38,-4.419557324396031,UNKNOWN
2022-03-31T08:39,-4.419557324396031,UNKNOWN
2022-03-31T08:40,-4.219557324396028,UNKNOWN
2022-03-31T08:41,-4.11955732439603,UNKNOWN
2022-03-31T08:42,-4.11955732439603,UNKNOWN
2022-03-31T08:43,-4.219557324396028,UNKNOWN
2022-03-31T08:44,-4.419557324396031,UNKNOWN
2022-03-31T08:45,-4.61955732439603,UNKNOWN
2022-03-31T08:46,-4.61955732439603,UNKNOWN
2022-03-31T08:47,-4.719557324396028,UNKNOWN
2022-03-31T08:48,-4.719557324396028,UNKNOWN
2022-03-31T08:49,-4.919557324396031,UNKNOWN
2022-03-31T08:50,-4.919557324396031,UNKNOWN
2022-03-31T08:51,-4.81955732439603,UNKNOWN
2022-03-31T08:52,-4.81955732439603,UNKNOWN
2022-03-31T08:53,-5.11955732439603,UNKNOWN
2022-03-31T08:54,-5.11955732439603,UNKNOWN
2022-03-31T08:55,-5.019557324396029,UNKNOWN
2022-03-31T08:56,-4.919557324396031,UNKNOWN
2022-03-31T08:57,-5.019557324396029,UNKNOWN
2022-03-31T08:58,-5.11955732439603,UNKNOWN
2022-03-31T08:59,-5.219557324396028,UNKNOWN
2022-03-31T09:00,-5.11955732439603,UNKNOWN
2022-03-31T09:01,-5.11955732439603,UNKNOWN
2022-03-31T09:02,-5.11955732439603,UNKNOWN
2022-03-31T09:03,-5.219557324396028,UNKNOWN
2022-03-31T09:04,-5.219557324396028,UNKNOWN
2022-03-31T09:05,-5.219557324396028,UNKNOWN
2022-03-31T09:06,-5.219557324396028,UNKNOWN
2022-03-31T09:07,-5.219557324396028,UNKNOWN
2022-03-31T09:08,-5.219557324396028,UNKNOWN
2022-03-31T09:09,-5.219557324396028,UNKNOWN
2022-03-31T09:10,-5.219557324396028,UNKNOWN
2022-03-31T09:11,-5.219557324396028,UNKNOWN
2022-03-31T09:12,-5.31955732439603,UNKNOWN
2022-03-31T09:13,-5.31955732439603,UNKNOWN
2022-03-31T09:14,-5.31955732439603,UNKNOWN
2022-03-31T09:15,-5.219557324396028,UNKNOWN
2022-03-31T09:16,-5.219557324396028,UNKNOWN
2022-03-31T09:17,-5.11955732439603,UNKNOWN
2022-03-31T09:18,-5.019557324396029,UNKNOWN
2022-03-31T09:19,-5.219557324396028,UNKNOWN
2022-03-31T09:20,-5.31955732439603,UNKNOWN
2022-03-31T09:21,-5.219557324396028,UNKNOWN
2022-03-31T09:22,-5.11955732439603,UNKNOWN
2022-03-31T09:23,-5.019557324396029,UNKNOWN
2022-03-31T09:24,-4.61955732439603,UNKNOWN
2022-03-31T09:25,-4.519557324396029,UNKNOWN
2022-03-31T09:26,-4.61955732439603,UNKNOWN
2022-03-31T09:27,-4.219557324396028,UNKNOWN
2022-03-31T09:28,-4.11955732439603,UNKNOWN
2022-03-31T09:29,-4.11955732439603,UNKNOWN
2022-03-31T09:30,-4.11955732439603,UNKNOWN
2022-03-31T09:31,-4.11955732439603,UNKNOWN
2022-03-31T09:32,-4.219557324396028,UNKNOWN
2022-03-31T09:33,-4.219557324396028,UNKNOWN
2022-03-31T09:34,-4.31955732439603,UNKNOWN
2022-03-31T09:35,-4.31955732439603,UNKNOWN
2022-03-31T09:36,-4.419557324396031,UNKNOWN
2022-03-31T09:37,-4.419557324396031,UNKNOWN
2022-03-31T09:38,-4.419557324396031,UNKNOWN
2022-03-31T09:39,-4.519557324396029,UNKNOWN
2022-03-31T09:40,-4.519557324396029,UNKNOWN
2022-03-31T09:41,-4.519557324396029,UNKNOWN
2022-03-31T09:42,-4.519557324396029,UNKNOWN
2022-03-31T09:43,-4.519557324396029,UNKNOWN
2022-03-31T09:44,-4.519557324396029,UNKNOWN
2022-03-31T09:45,-4.719557324396028,UNKNOWN
2022-03-31T09:46,-4.61955732439603,UNKNOWN
2022-03-31T09:47,-4.719557324396028,UNKNOWN
2022-03-31T09:48,-4.719557324396028,UNKNOWN
2022-03-31T09:49,-4.81955732439603,UNKNOWN
2022-03-31T09:50,-4.81955732439603,UNKNOWN
2022-03-31T09:51,-4.81955732439603,UNKNOWN
2022-03-31T09:52,-4.81955732439603,UNKNOWN
2022-03-31T09:53,-4.719557324396028,UNKNOWN
2022-03-31T09:54,-4.719557324396028,UNKNOWN
2022-03-31T09:55,-4.719557324396028,UNKNOWN
2022-03-31T09:56,-4.719557324396028,UNKNOWN
2022-03-31T09:57,-4.81955732439603,UNKNOWN
2022-03-31T09:58,-4.81955732439603,UNKNOWN
2022-03-31T09:59,-4.81955732439603,UNKNOWN
2022-03-31T10:00,-4.81955732439603,UNKNOWN
2022-03-31T10:01,-4.81955732439603,UNKNOWN
2022-03-31T10:02,-4.919557324396031,UNKNOWN
2022-03-31T10:03,-4.919557324396031,UNKNOWN
2022-03-31T10:04,-4.919557324396031,UNKNOWN
2022-03-31T10:05,-4.919557324396031,UNKNOWN
2022-03-31T10:06,-4.919557324396031,UNKNOWN
2022-03-31T10:07,-5.019557324396029,UNKNOWN
2022-03-31T10:08,-4.919557324396031,UNKNOWN
2022-03-31T10:09,-4.81955732439603,UNKNOWN
2022-03-31T10:10,-4.81955732439603,UNKNOWN
2022-03-31T10:11,-4.61955732439603,UNKNOWN
2022-03-31T10:12,-4.519557324396029,UNKNOWN
2022-03-31T10:13,-4.419557324396031,UNKNOWN
2022-03-31T10:14,-4.419557324396031,UNKNOWN
2022-03-31T10:15,-4.219557324396028,UNKNOWN
2022-03-31T10:16,-4.219557324396028,UNKNOWN
2022-03-31T10:17,-4.31955732439603,UNKNOWN
2022-03-31T10:18,-4.31955732439603,UNKNOWN
2022-03-31T10:19,-4.11955732439603,UNKNOWN
2022-03-31T10:20,-3.919557324396031,UNKNOWN
2022-03-31T10:21,-3.8195573243960297,UNKNOWN
2022-03-31T10:22,-3.919557324396031,UNKNOWN
2022-03-31T10:23,-4.019557324396029,UNKNOWN
2022-03-31T10:24,-4.11955732439603,UNKNOWN
2022-03-31T10:25,-4.11955732439603,UNKNOWN
2022-03-31T10:26,-4.11955732439603,UNKNOWN
2022-03-31T10:27,-4.11955732439603,UNKNOWN
2022-03-31T10:28,-4.11955732439603,UNKNOWN
2022-03-31T10:29,-4.11955732439603,UNKNOWN
2022-03-31T10:30,-4.219557324396028,UNKNOWN
2022-03-31T10:31,-4.219557324396028,UNKNOWN
2022-03-31T10:32,-4.31955732439603,UNKNOWN
2022-03-31T10:33,-4.31955732439603,UNKNOWN
2022-03-31T10:34,-4.31955732439603,UNKNOWN
2022-03-31T10:35,-4.419557324396031,UNKNOWN
2022-03-31T10:36,-4.31955732439603,UNKNOWN
2022-03-31T10:37,-4.31955732439603,UNKNOWN
2022-03-31T10:38,-4.31955732439603,UNKNOWN
2022-03-31T10:39,-4.219557324396028,UNKNOWN
2022-03-31T10:40,-4.219557324396028,UNKNOWN
2022-03-31T10:41,-4.31955732439603,UNKNOWN
2022-03-31T10:42,-4.419557324396031,UNKNOWN
2022-03-31T10:43,-4.419557324396031,UNKNOWN
2022-03-31T10:44,-4.419557324396031,UNKNOWN
2022-03-31T10:45,-4.419557324396031,UNKNOWN
2022-03-31T10:46,-4.419557324396031,UNKNOWN
2022-03-31T10:47,-4.419557324396031,UNKNOWN
2022-03-31T10:48,-4.519557324396029,UNKNOWN
2022-03-31T10:49,-4.519557324396029,UNKNOWN
2022-03-31T10:50,-4.419557324396031,UNKNOWN
2022-03-31T10:51,-4.219557324396028,UNKNOWN
2022-03-31T10:52,-4.219557324396028,UNKNOWN
2022-03-31T10:53,-4.31955732439603,UNKNOWN
2022-03-31T10:54,-4.419557324396031,UNKNOWN
2022-03-31T10:55,-4.419557324396031,UNKNOWN
2022-03-31T10:56,-4.31955732439603,UNKNOWN
2022-03-31T10:57,-4.419557324396031,UNKNOWN
2022-03-31T10:58,-4.519557324396029,UNKNOWN
2022-03-31T10:59,-4.61955732439603,UNKNOWN
2022-03-31T11:00,-4.61955732439603,UNKNOWN
2022-03-31T11:01,-4.61955732439603,UNKNOWN
2022-03-31T11:02,-4.61955732439603,UNKNOWN
2022-03-31T11:03,-4.61955732439603,UNKNOWN
2022-03-31T11:04,-4.61955732439603,UNKNOWN
2022-03-31T11:05,-4.61955732439603,UNKNOWN
2022-03-31T11:06,-4.61955732439603,UNKNOWN
2022-03-31T11:07,-4.61955732439603,UNKNOWN
2022-03-31T11:08,-4.61955732439603,UNKNOWN
2022-03-31T11:09,-4.61955732439603,UNKNOWN
2022-03-31T11:10,-4.61955732439603,UNKNOWN
2022-03-31T11:11,-4.61955732439603,UNKNOWN
2022-03-31T11:12,-4.519557324396029,UNKNOWN
2022-03-31T11:13,-4.419557324396031,UNKNOWN
2022-03-31T11:14,-4.419557324396031,UNKNOWN
2022-03-31T11:15,-4.519557324396029,UNKNOWN
2022-03-31T11:16,-4.519557324396029,UNKNOWN
2022-03-31T11:17,-4.61955732439603,UNKNOWN
2022-03-31T11:18,-4.61955732439603,UNKNOWN
2022-03-31T11:19,-4.719557324396028,UNKNOWN
2022-03-31T11:20,-4.719557324396028,UNKNOWN
2022-03-31T11:21,-4.719557324396028,UNKNOWN
2022-03-31T11:22,-4.81955732439603,UNKNOWN
2022-03-31T11:23,-4.81955732439603,UNKNOWN
2022-03-31T11:24,-4.81955732439603,UNKNOWN
2022-03-31T11:25,-4.81955732439603,UNKNOWN
2022-03-31T11:26,-4.81955732439603,UNKNOWN
2022-03-31T11:27,-4.81955732439603,UNKNOWN
2022-03-31T11:28,-4.919557324396031,UNKNOWN
2022-03-31T11:29,-4.81955732439603,UNKNOWN
2022-03-31T11:30,-5.019557324396029,UNKNOWN
2022-03-31T11:31,-4.919557324396031,UNKNOWN
2022-03-31T11:32,-4.919557324396031,UNKNOWN
2022-03-31T11:33,-5.019557324396029,UNKNOWN
2022-03-31T11:34,-5.019557324396029,UNKNOWN
2022-03-31T11:35,-5.019557324396029,UNKNOWN
2022-03-31T11:36,-5.019557324396029,UNKNOWN
2022-03-31T11:37,-5.019557324396029,UNKNOWN
2022-03-31T11:38,-5.019557324396029,UNKNOWN
2022-03-31T11:39,-5.019557324396029,UNKNOWN
2022-03-31T11:40,-5.019557324396029,UNKNOWN
2022-03-31T11:41,-5.019557324396029,UNKNOWN
2022-03-31T11:42,-5.019557324396029,UNKNOWN
2022-03-31T11:43,-5.019557324396029,UNKNOWN
2022-03-31T11:44,-5.019557324396029,UNKNOWN
2022-03-31T11:45,-5.019557324396029,UNKNOWN
2022-03-31T11:46,-4.919557324396031,UNKNOWN
2022-03-31T11:47,-4.919557324396031,UNKNOWN
2022-03-31T11:48,-4.919557324396031,UNKNOWN
2022-03-31T11:49,-4.919557324396031,UNKNOWN
2022-03-31T11:50,-4.919557324396031,UNKNOWN
2022-03-31T11:51,-4.919557324396031,UNKNOWN
2022-03-31T11:52,-4.919557324396031,UNKNOWN
2022-03-31T11:53,-4.919557324396031,UNKNOWN
2022-03-31T11:54,-4.81955732439603,UNKNOWN
2022-03-31T11:55,-4.919557324396031,UNKNOWN
2022-03-31T11:56,-4.919557324396031,UNKNOWN
2022-03-31T11:57,-4.919557324396031,UNKNOWN
2022-03-31T11:58,-4.919557324396031,UNKNOWN
2022-03-31T11:59,-4.919557324396031,UNKNOWN
2022-03-31T12:00,-5.019557324396029,UNKNOWN
2022-03-31T12:01,-5.019557324396029,UNKNOWN
2022-03-31T12:02,-5.11955732439603,UNKNOWN
2022-03-31T12:03,-5.31955732439603,UNKNOWN
2022-03-31T12:04,-5.419557324396031,UNKNOWN
2022-03-31T12:05,-5.519557324396029,UNKNOWN
2022-03-31T12:06,-5.81955732439603,UNKNOWN
2022-03-31T12:07,-6.31955732439603,UNKNOWN
2022-03-31T12:08,-6.419557324396031,UNKNOWN
2022-03-31T12:09,-6.31955732439603,UNKNOWN
2022-03-31T12:10,-6.219557324396028,UNKNOWN
2022-03-31T12:11,-6.219557324396028,UNKNOWN
2022-03-31T12:12,-6.019557324396029,UNKNOWN
2022-03-31T12:13,-5.81955732439603,UNKNOWN
2022-03-31T12:14,-5.719557324396028,UNKNOWN
2022-03-31T12:15,-5.519557324396029,UNKNOWN
2022-03-31T12:16,-5.419557324396031,UNKNOWN
2022-03-31T12:17,-5.419557324396031,UNKNOWN
2022-03-31T12:18,-5.31955732439603,UNKNOWN
2022-03-31T12:19,-5.219557324396028,UNKNOWN
2022-03-31T12:20,-5.11955732439603,UNKNOWN
2022-03-31T12:21,-5.019557324396029,UNKNOWN
2022-03-31T12:22,-5.019557324396029,UNKNOWN
2022-03-31T12:23,-4.919557324396031,UNKNOWN
2022-03-31T12:24,-4.919557324396031,UNKNOWN
2022-03-31T12:25,-4.919557324396031,UNKNOWN
2022-03-31T12:26,-5.11955732439603,UNKNOWN
2022-03-31T12:27,-5.31955732439603,UNKNOWN
2022-03-31T12:28,-5.419557324396031,UNKNOWN
2022-03-31T12:29,-5.519557324396029,UNKNOWN
2022-03-31T12:30,-5.519557324396029,UNKNOWN
2022-03-31T12:31,-5.519557324396029,UNKNOWN
2022-03-31T12:32,-5.419557324396031,UNKNOWN
2022-03-31T12:33,-5.31955732439603,UNKNOWN
2022-03-31T12:34,-5.31955732439603,UNKNOWN
2022-03-31T12:35,-5.31955732439603,UNKNOWN
2022-03-31T12:36,-5.219557324396028,UNKNOWN
2022-03-31T12:37,-5.219557324396028,UNKNOWN
2022-03-31T12:38,-5.219557324396028,UNKNOWN
2022-03-31T12:39,-5.219557324396028,UNKNOWN
2022-03-31T12:40,-5.31955732439603,UNKNOWN
2022-03-31T12:41,-5.419557324396031,UNKNOWN
2022-03-31T12:42,-5.419557324396031,UNKNOWN
2022-03-31T12:43,-5.419557324396031,UNKNOWN
2022-03-31T12:44,-5.31955732439603,UNKNOWN
2022-03-31T12:45,-5.31955732439603,UNKNOWN
2022-03-31T12:46,-5.31955732439603,UNKNOWN
2022-03-31T12:47,-5.31955732439603,UNKNOWN
2022-03-31T12:48,-5.31955732439603,UNKNOWN
2022-03-31T12:49,-5.31955732439603,UNKNOWN
2022-03-31T12:50,-5.419557324396031,UNKNOWN
2022-03-31T12:51,-5.419557324396031,UNKNOWN
2022-03-31T12:52,-5.419557324396031,UNKNOWN
2022-03-31T12:53,-5.419557324396031,UNKNOWN
2022-03-31T12:54,-5.519557324396029,UNKNOWN
2022-03-31T12:55,-5.519557324396029,UNKNOWN
2022-03-31T12:56,-5.519557324396029,UNKNOWN
2022-03-31T12:57,-5.61955732439603,UNKNOWN
2022-03-31T12:58,-5.719557324396028,UNKNOWN
2022-03-31T12:59,-5.81955732439603,UNKNOWN
2022-03-31T13:00,-5.81955732439603,UNKNOWN
2022-03-31T13:01,-5.81955732439603,UNKNOWN
2022-03-31T13:02,-5.81955732439603,UNKNOWN
2022-03-31T13:03,-5.81955732439603,UNKNOWN
2022-03-31T13:04,-5.719557324396028,UNKNOWN
2022-03-31T13:05,-5.719557324396028,UNKNOWN
2022-03-31T13:06,-5.719557324396028,UNKNOWN
2022-03-31T13:07,-5.81955732439603,UNKNOWN
2022-03-31T13:08,-5.81955732439603,UNKNOWN
2022-03-31T13:09,-5.919557324396031,UNKNOWN
2022-03-31T13:10,-5.919557324396031,UNKNOWN
2022-03-31T13:11,-6.019557324396029,UNKNOWN
2022-03-31T13:12,-6.019557324396029,UNKNOWN
2022-03-31T13:13,-6.019557324396029,UNKNOWN
2022-03-31T13:14,-5.919557324396031,UNKNOWN
2022-03-31T13:15,-5.919557324396031,UNKNOWN
2022-03-31T13:16,-5.919557324396031,UNKNOWN
2022-03-31T13:17,-5.81955732439603,UNKNOWN
2022-03-31T13:18,-5.919557324396031,UNKNOWN
2022-03-31T13:19,-6.019557324396029,UNKNOWN
2022-03-31T13:20,-6.019557324396029,UNKNOWN
2022-03-31T13:21,-5.919557324396031,UNKNOWN
2022-03-31T13:22,-6.019557324396029,UNKNOWN
2022-03-31T13:23,-5.919557324396031,UNKNOWN
2022-03-31T13:24,-5.919557324396031,UNKNOWN
2022-03-31T13:25,-5.919557324396031,UNKNOWN
2022-03-31T13:26,-5.61955732439603,UNKNOWN
2022-03-31T13:27,-5.61955732439603,UNKNOWN
2022-03-31T13:28,-5.519557324396029,UNKNOWN
2022-03-31T13:29,-5.61955732439603,UNKNOWN
2022-03-31T13:30,-5.61955732439603,UNKNOWN
2022-03-31T13:31,-5.719557324396028,UNKNOWN
2022-03-31T13:32,-5.61955732439603,UNKNOWN
2022-03-31T13:33,-5.61955732439603,UNKNOWN
2022-03-31T13:34,-5.61955732439603,UNKNOWN
2022-03-31T13:35,-5.61955732439603,UNKNOWN
2022-03-31T13:36,-5.419557324396031,UNKNOWN
2022-03-31T13:37,-5.419557324396031,UNKNOWN
2022-03-31T13:38,-5.419557324396031,UNKNOWN
2022-03-31T13:39,-5.519557324396029,UNKNOWN
2022-03-31T13:40,-5.61955732439603,UNKNOWN
2022-03-31T13:41,-5.719557324396028,UNKNOWN
2022-03-31T13:42,-5.61955732439603,UNKNOWN
2022-03-31T13:43,-5.81955732439603,UNKNOWN
2022-03-31T13:44,-5.719557324396028,UNKNOWN
2022-03-31T13:45,-5.61955732439603,UNKNOWN
2022-03-31T13:46,-5.61955732439603,UNKNOWN
2022-03-31T13:47,-5.61955732439603,UNKNOWN
2022-03-31T13:48,-5.61955732439603,UNKNOWN
2022-03-31T13:49,-5.519557324396029,UNKNOWN
2022-03-31T13:50,-5.419557324396031,UNKNOWN
2022-03-31T13:51,-5.519557324396029,UNKNOWN
2022-03-31T13:52,-5.519557324396029,UNKNOWN
2022-03-31T13:53,-5.61955732439603,UNKNOWN
2022-03-31T13:54,-5.61955732439603,UNKNOWN
2022-03-31T13:55,-5.61955732439603,UNKNOWN
2022-03-31T13:56,-5.61955732439603,UNKNOWN
2022-03-31T13:57,-5.61955732439603,UNKNOWN
2022-03-31T13:58,-5.61955732439603,UNKNOWN
2022-03-31T13:59,-5.61955732439603,UNKNOWN
2022-03-31T14:00,-5.719557324396028,UNKNOWN
2022-03-31T14:01,-5.81955732439603,UNKNOWN
2022-03-31T14:02,-5.919557324396031,UNKNOWN
2022-03-31T14:03,-5.919557324396031,UNKNOWN
2022-03-31T14:04,-5.919557324396031,UNKNOWN
2022-03-31T14:05,-5.81955732439603,UNKNOWN
2022-03-31T14:06,-5.81955732439603,UNKNOWN
2022-03-31T14:07,-5.81955732439603,UNKNOWN
2022-03-31T14:08,-5.81955732439603,UNKNOWN
2022-03-31T14:09,-5.81955732439603,UNKNOWN
2022-03-31T14:10,-5.81955732439603,UNKNOWN
2022-03-31T14:11,-5.81955732439603,UNKNOWN
2022-03-31T14:12,-5.719557324396028,UNKNOWN
2022-03-31T14:13,-5.719557324396028,UNKNOWN
2022-03-31T14:14,-5.719557324396028,UNKNOWN
2022-03-31T14:15,-5.719557324396028,UNKNOWN
2022-03-31T14:16,-5.719557324396028,UNKNOWN
2022-03-31T14:17,-5.81955732439603,UNKNOWN
2022-03-31T14:18,-5.81955732439603,UNKNOWN
2022-03-31T14:19,-5.81955732439603,UNKNOWN
2022-03-31T14:20,-5.81955732439603,UNKNOWN
2022-03-31T14:21,-5.719557324396028,UNKNOWN
2022-03-31T14:22,-5.719557324396028,UNKNOWN
2022-03-31T14:23,-5.61955732439603,UNKNOWN
2022-03-31T14:24,-5.61955732439603,UNKNOWN
2022-03-31T14:25,-5.61955732439603,UNKNOWN
2022-03-31T14:26,-5.61955732439603,UNKNOWN
2022-03-31T14:27,-5.519557324396029,UNKNOWN
2022-03-31T14:28,-5.519557324396029,UNKNOWN
2022-03-31T14:29,-5.31955732439603,UNKNOWN
2022-03-31T14:30,-5.219557324396028,UNKNOWN
2022-03-31T14:31,-5.219557324396028,UNKNOWN
2022-03-31T14:32,-5.11955732439603,UNKNOWN
2022-03-31T14:33,-5.11955732439603,UNKNOWN
2022-03-31T14:34,-5.019557324396029,UNKNOWN
2022-03-31T14:35,-4.919557324396031,UNKNOWN
2022-03-31T14:36,-4.919557324396031,UNKNOWN
2022-03-31T14:37,-5.019557324396029,UNKNOWN
2022-03-31T14:38,-5.019557324396029,UNKNOWN
2022-03-31T14:39,-5.019557324396029,UNKNOWN
2022-03-31T14:40,-4.919557324396031,UNKNOWN
2022-03-31T14:41,-4.919557324396031,UNKNOWN
2022-03-31T14:42,-4.81955732439603,UNKNOWN
2022-03-31T14:43,-4.719557324396028,UNKNOWN
2022-03-31T14:44,-4.61955732439603,UNKNOWN
2022-03-31T14:45,-4.519557324396029,UNKNOWN
2022-03-31T14:46,-4.419557324396031,UNKNOWN
2022-03-31T14:47,-4.31955732439603,UNKNOWN
2022-03-31T14:48,-4.11955732439603,UNKNOWN
2022-03-31T14:49,-4.11955732439603,UNKNOWN
2022-03-31T14:50,-4.11955732439603,UNKNOWN
2022-03-31T14:51,-4.019557324396029,UNKNOWN
2022-03-31T14:52,-3.919557324396031,UNKNOWN
2022-03-31T14:53,-3.6195573243960304,UNKNOWN
2022-03-31T14:54,-3.519557324396029,UNKNOWN
2022-03-31T14:55,-3.419557324396031,UNKNOWN
2022-03-31T14:56,-3.419557324396031,UNKNOWN
2022-03-31T14:57,-3.519557324396029,UNKNOWN
2022-03-31T14:58,-3.519557324396029,UNKNOWN
2022-03-31T14:59,-3.519557324396029,UNKNOWN
2022-03-31T15:00,-3.519557324396029,UNKNOWN
2022-03-31T15:01,-3.6195573243960304,UNKNOWN
2022-03-31T15:02,-3.6195573243960304,UNKNOWN
2022-03-31T15:03,-3.7195573243960283,UNKNOWN
2022-03-31T15:04,-3.8195573243960297,UNKNOWN
2022-03-31T15:05,-3.919557324396031,UNKNOWN
2022-03-31T15:06,-3.919557324396031,UNKNOWN
2022-03-31T15:07,-4.019557324396029,UNKNOWN
2022-03-31T15:08,-4.019557324396029,UNKNOWN
2022-03-31T15:09,-4.11955732439603,UNKNOWN
2022-03-31T15:10,-4.11955732439603,UNKNOWN
2022-03-31T15:11,-4.11955732439603,UNKNOWN
2022-03-31T15:12,-4.11955732439603,UNKNOWN
2022-03-31T15:13,-4.11955732439603,UNKNOWN
2022-03-31T15:14,-4.11955732439603,UNKNOWN
2022-03-31T15:15,-4.11955732439603,UNKNOWN
2022-03-31T15:16,-4.11955732439603,UNKNOWN
2022-03-31T15:17,-4.11955732439603,UNKNOWN
2022-03-31T15:18,-4.219557324396028,UNKNOWN
2022-03-31T15:19,-4.219557324396028,UNKNOWN
2022-03-31T15:20,-4.219557324396028,UNKNOWN
2022-03-31T15:21,-4.31955732439603,UNKNOWN
2022-03-31T15:22,-4.31955732439603,UNKNOWN
2022-03-31T15:23,-4.31955732439603,UNKNOWN
2022-03-31T15:24,-4.419557324396031,UNKNOWN
2022-03-31T15:25,-4.419557324396031,UNKNOWN
2022-03-31T15:26,-4.419557324396031,UNKNOWN
2022-03-31T15:27,-4.519557324396029,UNKNOWN
2022-03-31T15:28,-4.61955732439603,UNKNOWN
2022-03-31T15:29,-4.61955732439603,UNKNOWN
2022-03-31T15:30,-4.61955732439603,UNKNOWN
2022-03-31T15:31,-4.719557324396028,UNKNOWN
2022-03-31T15:32,-4.719557324396028,UNKNOWN
2022-03-31T15:33,-4.81955732439603,UNKNOWN
2022-03-31T15:34,-4.719557324396028,UNKNOWN
2022-03-31T15:35,-4.519557324396029,UNKNOWN
2022-03-31T15:36,-4.419557324396031,UNKNOWN
2022-03-31T15:37,-4.31955732439603,UNKNOWN
2022-03-31T15:38,-4.219557324396028,UNKNOWN
2022-03-31T15:39,-4.019557324396029,UNKNOWN
2022-03-31T15:40,-4.11955732439603,UNKNOWN
2022-03-31T15:41,-4.31955732439603,UNKNOWN
2022-03-31T15:42,-4.419557324396031,UNKNOWN
2022-03-31T15:43,-4.419557324396031,UNKNOWN
2022-03-31T15:44,-4.419557324396031,UNKNOWN
2022-03-31T15:45,-4.419557324396031,UNKNOWN
2022-03-31T15:46,-4.519557324396029,UNKNOWN
2022-03-31T15:47,-4.519557324396029,UNKNOWN
2022-03-31T15:48,-4.519557324396029,UNKNOWN
2022-03-31T15:49,-4.519557324396029,UNKNOWN
2022-03-31T15:50,-4.519557324396029,UNKNOWN
2022-03-31T15:51,-4.519557324396029,UNKNOWN
2022-03-31T15:52,-4.519557324396029,UNKNOWN
2022-03-31T15:53,-4.519557324396029,UNKNOWN
2022-03-31T15:54,-4.61955732439603,UNKNOWN
2022-03-31T15:55,-4.81955732439603,UNKNOWN
2022-03-31T15:56,-4.719557324396028,UNKNOWN
2022-03-31T15:57,-4.61955732439603,UNKNOWN
2022-03-31T15:58,-4.519557324396029,UNKNOWN
2022-03-31T15:59,-4.61955732439603,UNKNOWN
2022-03-31T16:00,-4.61955732439603,UNKNOWN
2022-03-31T16:01,-4.61955732439603,UNKNOWN
2022-03-31T16:02,-4.519557324396029,UNKNOWN
2022-03-31T16:03,-4.419557324396031,UNKNOWN
2022-03-31T16:04,-4.419557324396031,UNKNOWN
2022-03-31T16:05,-4.419557324396031,UNKNOWN
2022-03-31T16:06,-4.31955732439603,UNKNOWN
2022-03-31T16:07,-4.31955732439603,UNKNOWN
2022-03-31T16:08,-4.419557324396031,UNKNOWN
2022-03-31T16:09,-4.519557324396029,UNKNOWN
2022-03-31T16:10,-4.519557324396029,UNKNOWN
2022-03-31T16:11,-4.519557324396029,UNKNOWN
2022-03-31T16:12,-4.519557324396029,UNKNOWN
2022-03-31T16:13,-4.519557324396029,UNKNOWN
2022-03-31T16:14,-4.61955732439603,UNKNOWN
2022-03-31T16:15,-4.61955732439603,UNKNOWN
2022-03-31T16:16,-4.61955732439603,UNKNOWN
2022-03-31T16:17,-4.719557324396028,UNKNOWN
2022-03-31T16:18,-4.81955732439603,UNKNOWN
2022-03-31T16:19,-4.81955732439603,UNKNOWN
2022-03-31T16:20,-4.719557324396028,UNKNOWN
2022-03-31T16:21,-4.81955732439603,UNKNOWN
2022-03-31T16:22,-4.919557324396031,UNKNOWN
2022-03-31T16:23,-4.919557324396031,UNKNOWN
2022-03-31T16:24,-4.919557324396031,UNKNOWN
2022-03-31T16:25,-4.81955732439603,UNKNOWN
2022-03-31T16:26,-4.81955732439603,UNKNOWN
2022-03-31T16:27,-4.719557324396028,UNKNOWN
2022-03-31T16:28,-4.61955732439603,UNKNOWN
2022-03-31T16:29,-4.61955732439603,UNKNOWN
2022-03-31T16:30,-4.61955732439603,UNKNOWN
2022-03-31T16:31,-4.519557324396029,UNKNOWN
2022-03-31T16:32,-4.419557324396031,UNKNOWN
2022-03-31T16:33,-4.419557324396031,UNKNOWN
2022-03-31T16:34,-4.419557324396031,UNKNOWN
2022-03-31T16:35,-4.519557324396029,UNKNOWN
2022-03-31T16:36,-4.61955732439603,UNKNOWN
2022-03-31T16:37,-4.81955732439603,UNKNOWN
2022-03-31T16:38,-5.019557324396029,UNKNOWN
2022-03-31T16:39,-5.219557324396028,UNKNOWN
2022-03-31T16:40,-5.219557324396028,UNKNOWN
2022-03-31T16:41,-5.019557324396029,UNKNOWN
2022-03-31T16:42,-5.019557324396029,UNKNOWN
2022-03-31T16:43,-5.11955732439603,UNKNOWN
2022-03-31T16:44,-5.219557324396028,UNKNOWN
2022-03-31T16:45,-5.11955732439603,UNKNOWN
2022-03-31T16:46,-5.019557324396029,UNKNOWN
2022-03-31T16:47,-5.219557324396028,UNKNOWN
2022-03-31T16:48,-5.31955732439603,UNKNOWN
2022-03-31T16:49,-5.31955732439603,UNKNOWN
2022-03-31T16:50,-5.219557324396028,UNKNOWN
2022-03-31T16:51,-5.219557324396028,UNKNOWN
2022-03-31T16:52,-5.219557324396028,UNKNOWN
2022-03-31T16:53,-5.31955732439603,UNKNOWN
2022-03-31T16:54,-5.219557324396028,UNKNOWN
2022-03-31T16:55,-5.219557324396028,UNKNOWN
2022-03-31T16:56,-5.11955732439603,UNKNOWN
2022-03-31T16:57,-5.019557324396029,UNKNOWN
2022-03-31T16:58,-5.219557324396028,UNKNOWN
2022-03-31T16:59,-4.919557324396031,UNKNOWN
2022-03-31T17:00,-4.81955732439603,UNKNOWN
2022-03-31T17:01,-4.919557324396031,UNKNOWN
2022-03-31T17:02,-4.919557324396031,UNKNOWN
2022-03-31T17:03,-4.919557324396031,UNKNOWN
2022-03-31T17:04,-4.919557324396031,UNKNOWN
2022-03-31T17:05,-4.919557324396031,UNKNOWN
2022-03-31T17:06,-4.919557324396031,UNKNOWN
2022-03-31T17:07,-4.919557324396031,UNKNOWN
2022-03-31T17:08,-5.019557324396029,UNKNOWN
2022-03-31T17:09,-5.019557324396029,UNKNOWN
2022-03-31T17:10,-5.019557324396029,UNKNOWN
2022-03-31T17:11,-5.019557324396029,UNKNOWN
2022-03-31T17:12,-5.11955732439603,UNKNOWN
2022-03-31T17:13,-5.219557324396028,UNKNOWN
2022-03-31T17:14,-5.219557324396028,UNKNOWN
2022-03-31T17:15,-5.219557324396028,UNKNOWN
2022-03-31T17:16,-5.219557324396028,UNKNOWN
2022-03-31T17:17,-5.219557324396028,UNKNOWN
2022-03-31T17:18,-5.219557324396028,UNKNOWN
2022-03-31T17:19,-5.419557324396031,UNKNOWN
2022-03-31T17:20,-5.61955732439603,UNKNOWN
2022-03-31T17:21,-5.61955732439603,UNKNOWN
2022-03-31T17:22,-5.519557324396029,UNKNOWN
2022-03-31T17:23,-5.019557324396029,UNKNOWN
2022-03-31T17:24,-5.019557324396029,UNKNOWN
2022-03-31T17:25,-5.11955732439603,UNKNOWN
2022-03-31T17:26,-5.31955732439603,UNKNOWN
2022-03-31T17:27,-5.519557324396029,UNKNOWN
2022-03-31T17:28,-5.519557324396029,UNKNOWN
2022-03-31T17:29,-5.61955732439603,UNKNOWN
2022-03-31T17:30,-5.61955732439603,UNKNOWN
2022-03-31T17:31,-5.61955732439603,UNKNOWN
2022-03-31T17:32,-5.519557324396029,UNKNOWN
2022-03-31T17:33,-5.81955732439603,UNKNOWN
2022-03-31T17:34,-6.019557324396029,UNKNOWN
2022-03-31T17:35,-6.019557324396029,UNKNOWN
2022-03-31T17:36,-6.019557324396029,UNKNOWN
2022-03-31T17:37,-6.219557324396028,UNKNOWN
2022-03-31T17:38,-6.419557324396031,UNKNOWN
2022-03-31T17:39,-6.519557324396029,UNKNOWN
2022-03-31T17:40,-7.11955732439603,UNKNOWN
2022-03-31T17:41,-7.31955732439603,UNKNOWN
2022-03-31T17:42,-7.219557324396028,UNKNOWN
2022-03-31T17:43,-6.919557324396031,UNKNOWN
2022-03-31T17:44,-6.919557324396031,UNKNOWN
2022-03-31T17:45,-6.81955732439603,UNKNOWN
2022-03-31T17:46,-6.719557324396028,UNKNOWN
2022-03-31T17:47,-6.719557324396028,UNKNOWN
2022-03-31T17:48,-6.61955732439603,UNKNOWN
2022-03-31T17:49,-6.519557324396029,UNKNOWN
2022-03-31T17:50,-6.519557324396029,UNKNOWN
2022-03-31T17:51,-6.61955732439603,UNKNOWN
2022-03-31T17:52,-6.719557324396028,UNKNOWN
2022-03-31T17:53,-6.61955732439603,UNKNOWN
2022-03-31T17:54,-6.81955732439603,UNKNOWN
2022-03-31T17:55,-6.919557324396031,UNKNOWN
2022-03-31T17:56,-7.019557324396029,UNKNOWN
2022-03-31T17:57,-7.11955732439603,UNKNOWN
2022-03-31T17:58,-7.019557324396029,UNKNOWN
2022-03-31T17:59,-7.019557324396029,UNKNOWN
2022-03-31T18:00,-6.919557324396031,UNKNOWN
2022-03-31T18:01,-6.919557324396031,UNKNOWN
2022-03-31T18:02,-6.919557324396031,UNKNOWN
2022-03-31T18:03,-6.919557324396031,UNKNOWN
2022-03-31T18:04,-6.919557324396031,UNKNOWN
2022-03-31T18:05,-7.219557324396028,UNKNOWN
2022-03-31T18:06,-7.81955732439603,UNKNOWN
2022-03-31T18:07,-8.219557324396028,UNKNOWN
2022-03-31T18:08,-8.31955732439603,UNKNOWN
2022-03-31T18:09,-8.019557324396029,UNKNOWN
2022-03-31T18:10,-7.81955732439603,UNKNOWN
2022-03-31T18:11,-7.31955732439603,UNKNOWN
2022-03-31T18:12,-7.11955732439603,UNKNOWN
2022-03-31T18:13,-6.719557324396028,UNKNOWN
2022-03-31T18:14,-6.519557324396029,UNKNOWN
2022-03-31T18:15,-6.219557324396028,UNKNOWN
2022-03-31T18:16,-6.219557324396028,UNKNOWN
2022-03-31T18:17,-6.019557324396029,UNKNOWN
2022-03-31T18:18,-5.919557324396031,UNKNOWN
2022-03-31T18:19,-5.81955732439603,UNKNOWN
2022-03-31T18:20,-5.519557324396029,UNKNOWN
2022-03-31T18:21,-5.31955732439603,UNKNOWN
2022-03-31T18:22,-5.219557324396028,UNKNOWN
2022-03-31T18:23,-5.219557324396028,UNKNOWN
2022-03-31T18:24,-5.31955732439603,UNKNOWN
2022-03-31T18:25,-5.31955732439603,UNKNOWN
2022-03-31T18:26,-5.019557324396029,UNKNOWN
2022-03-31T18:27,-4.81955732439603,UNKNOWN